<keymap version="1" name="GNOME copy" parent="Default for GNOME">
  <action id="Graph.ZoomIn">
    <keyboard-shortcut first-keystroke="alt add" />
  </action>
  <action id="Graph.ZoomOut">
    <keyboard-shortcut first-keystroke="alt subtract" />
  </action>
  <action id="ReformatCode">
    <keyboard-shortcut first-keystroke="shift alt e" />
  </action>
  <action id="Scala.ShowImplicits">
    <keyboard-shortcut first-keystroke="shift ctrl alt equals" />
    <keyboard-shortcut first-keystroke="shift ctrl alt add" />
  </action>
</keymap>