<application>
  <component name="FileTypeManager" version="17">
    <extensionMap>
      <mapping pattern="Jenkinsfile" type="Groovy" />
      <mapping ext="fr" type="Haskell" />
      <mapping ext="gradle.kts" type="Kotlin" />
      <mapping ext="main.kts" type="Kotlin" />
      <mapping pattern="post-install" type="PLAIN_TEXT" />
      <mapping pattern="pom-decoded" type="PLAIN_TEXT" />
      <mapping pattern="spec_failures" type="PLAIN_TEXT" />
      <mapping pattern="10-errors" type="PLAIN_TEXT" />
      <mapping pattern="AtomicBigInteger" type="PLAIN_TEXT" />
      <mapping pattern="test-flow-encoded" type="PLAIN_TEXT" />
      <mapping pattern="logs" type="PLAIN_TEXT" />
      <mapping pattern="upload-dir" type="PLAIN_TEXT" />
      <mapping pattern="dependa-flow" type="PLAIN_TEXT" />
      <mapping pattern="httpclient-encoded" type="PLAIN_TEXT" />
      <mapping pattern="saraza" type="PLAIN_TEXT" />
      <mapping pattern="jvm-args" type="PLAIN_TEXT" />
      <mapping pattern="pom-encoded" type="PLAIN_TEXT" />
      <mapping pattern="test-flow" type="PLAIN_TEXT" />
      <mapping pattern="asd" type="PLAIN_TEXT" />
      <mapping pattern="resend-errors" type="PLAIN_TEXT" />
      <mapping pattern="lombok-encoded" type="PLAIN_TEXT" />
      <mapping pattern="test-pom-encoded" type="PLAIN_TEXT" />
      <mapping pattern="Version_Number" type="PLAIN_TEXT" />
      <mapping ext="scssc" type="PLAIN_TEXT" />
      <mapping ext="1" type="PLAIN_TEXT" />
      <mapping ext="db" type="PLAIN_TEXT" />
      <removed_mapping ext="bat" approved="true" type="PLAIN_TEXT" />
      <removed_mapping ext="log" approved="true" type="PLAIN_TEXT" />
      <removed_mapping ext="cmd" approved="true" type="PLAIN_TEXT" />
      <mapping pattern="release" type="Shell Script" />
      <mapping pattern="build" type="Shell Script" />
      <removed_mapping ext="bat" approved="true" type="PLAIN_TEXT" />
      <removed_mapping ext="log" approved="true" type="PLAIN_TEXT" />
      <removed_mapping pattern="build" approved="true" type="PLAIN_TEXT" />
      <removed_mapping ext="md" approved="true" type="PLAIN_TEXT" />
      <removed_mapping ext="dockerfile" approved="true" type="textmate" />
      <removed_mapping ext="makefile" approved="true" type="textmate" />
      <removed_mapping ext="cmd" approved="true" type="PLAIN_TEXT" />
      <removed_mapping pattern="dependascript" approved="true" type="PLAIN_TEXT" />
      <removed_mapping ext="snakefile" approved="true" type="textmate" />
      <mapping pattern="dependascript" type="Ruby" />
    </extensionMap>
  </component>
</application>