<application>
  <component name="LanguageInjectionConfiguration">
    <injection language="RegExp" injector-id="java">
      <display-name>ArgumentMatchers.matches (org.mockito)</display-name>
      <place><![CDATA[psiParameter().ofMethod(0, psiMethod().withName("matches").withParameters("java.lang.String").definedInClass("org.mockito.ArgumentMatchers"))]]></place>
    </injection>
    <injection language="RegExp" injector-id="java">
      <display-name>Attribute.hasAnnotation (klass)</display-name>
      <place><![CDATA[psiParameter().ofMethod(0, psiMethod().withName("hasAnnotation").withParameters("java.lang.String").definedInClass("klass.Attribute"))]]></place>
    </injection>
    <injection language="RegExp" injector-id="java">
      <display-name>ImmutableList.of (com.google.common.collect)</display-name>
      <place><![CDATA[psiParameter().ofMethod(0, psiMethod().withName("of").withParameters("java.lang.Object").definedInClass("com.google.common.collect.ImmutableList"))]]></place>
    </injection>
    <injection language="RegExp" injector-id="java">
      <display-name>ImmutableList.of (com.google.common.collect)</display-name>
      <place><![CDATA[psiParameter().ofMethod(0, psiMethod().withName("of").withParameters("java.lang.Object", "java.lang.Object").definedInClass("com.google.common.collect.ImmutableList"))]]></place>
    </injection>
    <injection language="RegExp" injector-id="java">
      <display-name>ImmutableList.of (com.google.common.collect)</display-name>
      <place><![CDATA[psiParameter().ofMethod(1, psiMethod().withName("of").withParameters("java.lang.Object", "java.lang.Object").definedInClass("com.google.common.collect.ImmutableList"))]]></place>
    </injection>
    <injection language="RegExp" injector-id="java">
      <display-name>ImmutableList.of (com.google.common.collect)</display-name>
      <place><![CDATA[psiParameter().ofMethod(5, psiMethod().withName("of").withParameters("java.lang.Object", "java.lang.Object", "java.lang.Object", "java.lang.Object", "java.lang.Object", "java.lang.Object").definedInClass("com.google.common.collect.ImmutableList"))]]></place>
    </injection>
    <injection language="RegExp" injector-id="java">
      <display-name>StringUtils.delete (org.springframework.util)</display-name>
      <place><![CDATA[psiParameter().ofMethod(1, psiMethod().withName("delete").withParameters("java.lang.String", "java.lang.String").definedInClass("org.springframework.util.StringUtils"))]]></place>
    </injection>
  </component>
</application>