<application>
  <component name="ProjectManager">
    <defaultProject>
      <component name="DefaultGradleProjectSettings">
        <option name="isMigrated" value="true" />
      </component>
      <component name="GradleLocalSettings">
        <option name="projectSyncType">
          <map>
            <entry key="$USER_HOME$/gamedev/pokemon-scala" value="PREVIEW" />
            <entry key="$USER_HOME$/workspace/my-repos/basic-movement" value="PREVIEW" />
            <entry key="$USER_HOME$/workspace/my-repos/pokemon-emerald-libgdx" value="PREVIEW" />
            <entry key="$USER_HOME$/workspace/scala/test" value="PREVIEW" />
          </map>
        </option>
      </component>
      <component name="MavenImportPreferences">
        <option name="generalSettings">
          <MavenGeneralSettings>
            <option name="mavenHome" value="$APPLICATION_HOME_DIR$/plugins/maven/lib/maven3" />
          </MavenGeneralSettings>
        </option>
      </component>
      <component name="PropertiesComponent">
        <property name="settings.editor.selected.configurable" value="AndroidSdkUpdater" />
      </component>
      <component name="SbtLocalSettings">
        <option name="projectSyncType">
          <map>
            <entry key="$USER_HOME$/workspace/changes/minerva" value="PREVIEW" />
            <entry key="$USER_HOME$/workspace/communications/apocalypse" value="PREVIEW" />
            <entry key="$USER_HOME$/workspace/jav-2019-q1-caba-team-12/dragon-ball-scala" value="PREVIEW" />
            <entry key="$USER_HOME$/workspace/my-repos/uml-scala" value="PREVIEW" />
            <entry key="$USER_HOME$/workspace/ruby/grupo5-2019-1c/tp-final" value="PREVIEW" />
            <entry key="$USER_HOME$/workspace/scala/akka-samples/akka-sample-sharding-scala" value="PREVIEW" />
            <entry key="$USER_HOME$/workspace/scala/erika" value="PREVIEW" />
            <entry key="$USER_HOME$/workspace/scala/gimnasio-pokemon" value="PREVIEW" />
            <entry key="$USER_HOME$/workspace/scala/iasc" value="PREVIEW" />
            <entry key="$USER_HOME$/workspace/scala/iasc/babylon-s" value="PREVIEW" />
            <entry key="$USER_HOME$/workspace/scala/mangudai" value="PREVIEW" />
            <entry key="$USER_HOME$/workspace/scala/my-game" value="PREVIEW" />
            <entry key="$USER_HOME$/workspace/scala/pociones-2019C1" value="PREVIEW" />
            <entry key="$USER_HOME$/workspace/scala/pokemon-scala" value="PREVIEW" />
            <entry key="$USER_HOME$/workspace/scala/scala-beginners-av-exercises" value="PREVIEW" />
            <entry key="$USER_HOME$/workspace/scala/scala-pokemon" value="PREVIEW" />
            <entry key="$USER_HOME$/workspace/scala/tp-scala-2019-1c-parte-1" value="PREVIEW" />
            <entry key="$USER_HOME$/workspace/scala/uml-scala" value="PREVIEW" />
            <entry key="$USER_HOME$/workspace/scala/untitled" value="PREVIEW" />
            <entry key="$USER_HOME$/workspace/utn/tadp/grupo1-2020-1c/scala" value="PREVIEW" />
            <entry key="$USER_HOME$/workspace/utn/tadp/grupo3-2020-1c/scala" value="PREVIEW" />
            <entry key="$USER_HOME$/workspace/utn/tadp/grupo7-2019-2c/scala" value="PREVIEW" />
            <entry key="$USER_HOME$/workspace/utn/tadp/tadp-clases-scala-microprocesador-tuneado/funcional-inmutable" value="PREVIEW" />
            <entry key="$USER_HOME$/workspace/utn/tadp/tadp-clases-scala-microprocesador-tuneado/funcional-monadas" value="PREVIEW" />
            <entry key="$USER_HOME$/workspace/utn/tadp/tadp-clases-scala-microprocesador-tuneado/funcional-mutable" value="PREVIEW" />
            <entry key="$USER_HOME$/workspace/utn/tadp/tadp-clases-scala-microprocesador-tuneado/objetos-puro" value="PREVIEW" />
          </map>
        </option>
      </component>
      <component name="ScalaSbtSettings">
        <option name="customVMPath" />
      </component>
      <component name="masterDetails">
        <states>
          <state key="ProjectJDKs.UI">
            <settings>
              <last-edited>1.8</last-edited>
              <splitter-proportions>
                <option name="proportions">
                  <list>
                    <option value="0.2" />
                  </list>
                </option>
              </splitter-proportions>
            </settings>
          </state>
        </states>
      </component>
    </defaultProject>
  </component>
</application>