<code_scheme name="Default" version="173">
  <option name="AUTODETECT_INDENTS" value="false" />
  <option name="WRAP_WHEN_TYPING_REACHES_RIGHT_MARGIN" value="true" />
  <JavaCodeStyleSettings>
    <option name="DO_NOT_WRAP_AFTER_SINGLE_ANNOTATION" value="true" />
    <option name="PACKAGES_TO_USE_IMPORT_ON_DEMAND">
      <value>
        <package name="java.awt" withSubpackages="false" static="false" />
        <package name="org.junit.Assert" withSubpackages="false" static="false" />
        <package name="org.junit.jupiter.api.Assertions" withSubpackages="false" static="false" />
        <package name="org.mockito.Mockito" withSubpackages="false" static="false" />
        <package name="javax.swing" withSubpackages="false" static="false" />
      </value>
    </option>
  </JavaCodeStyleSettings>
  <ScalaCodeStyleSettings>
    <option name="CALL_PARAMETERS_NEW_LINE_AFTER_LPAREN" value="1" />
    <option name="TRAILING_COMMA_MODE" value="TRAILING_COMMA_REMOVE_WHEN_MULTILINE" />
    <option name="TRAILING_COMMA_ARG_LIST_ENABLED" value="false" />
    <option name="TRAILING_COMMA_PARAMS_ENABLED" value="false" />
  </ScalaCodeStyleSettings>
  <codeStyleSettings language="JAVA">
    <option name="IF_BRACE_FORCE" value="3" />
    <option name="DOWHILE_BRACE_FORCE" value="3" />
    <option name="WHILE_BRACE_FORCE" value="3" />
    <option name="FOR_BRACE_FORCE" value="3" />
    <option name="WRAP_LONG_LINES" value="true" />
    <option name="CLASS_ANNOTATION_WRAP" value="0" />
    <option name="FIELD_ANNOTATION_WRAP" value="0" />
    <indentOptions>
      <option name="CONTINUATION_INDENT_SIZE" value="4" />
    </indentOptions>
  </codeStyleSettings>
  <codeStyleSettings language="Scala">
    <option name="BLANK_LINES_AROUND_CLASS" value="0" />
    <option name="ALIGN_MULTILINE_PARAMETERS" value="false" />
    <option name="CALL_PARAMETERS_WRAP" value="1" />
    <option name="CALL_PARAMETERS_RPAREN_ON_NEXT_LINE" value="true" />
    <option name="WRAP_LONG_LINES" value="true" />
  </codeStyleSettings>
  <codeStyleSettings language="kotlin">
    <indentOptions>
      <option name="CONTINUATION_INDENT_SIZE" value="4" />
    </indentOptions>
  </codeStyleSettings>
</code_scheme>